,Index,Baseline,Advanced
1,1,2,8
2,2,13,12
3,3,8,8
4,4,20,20
5,5,17,20
6,6,8,6
7,7,8,8
8,8,10,4
9,9,18,7
10,10,8,2
11,11,20,9
12,12,8,8
13,13,2,2
14,14,2,2
15,15,5,7
16,16,8,8
17,17,14,21
18,18,18,3
19,19,5,5
20,20,12,13
21,21,21,13
22,22,7,15
23,23,20,14
24,24,8,8
25,25,3,16
26,26,17,5
27,27,21,9
28,28,20,20
29,29,22,16
30,30,17,15
31,31,12,16
32,32,3,1
33,33,22,1
34,34,4,4
35,35,19,16
36,36,11,18
37,37,3,20
38,38,7,18
39,39,17,18
40,40,9,2
41,41,14,2
42,42,4,13
43,43,10,11
44,44,13,10
45,45,14,15
46,46,21,15
47,47,6,21
48,48,8,8
49,49,7,15
50,50,14,21
51,51,14,14
52,52,21,18
53,53,17,6
54,54,21,4
55,55,9,2
56,56,13,1
57,57,4,1
58,58,8,18
59,59,6,16
60,60,11,12
61,61,1,21
62,62,22,3
63,63,19,15
64,64,10,10
65,65,8,5
66,66,9,13
67,67,6,12
68,68,9,7
69,69,9,14
70,70,5,8
71,71,17,20
72,72,4,10
73,73,13,16
74,74,16,12
75,75,3,13
76,76,7,19
77,77,14,18
78,78,19,22
79,79,3,16
80,80,12,22
81,81,13,4
82,82,20,20
83,83,3,6
84,84,2,21
85,85,1,10
86,86,14,14
87,87,19,22
88,88,21,1
89,89,7,14
90,90,19,18
91,91,2,9
92,92,1,22
93,93,17,3
94,94,1,13
95,95,10,4
96,96,3,22
97,97,5,19
98,98,12,11
99,99,6,21
100,100,7,7
101,101,14,4
102,102,20,19
103,103,20,15
104,104,14,7
105,105,5,7
106,106,8,2
107,107,1,19
108,108,2,9
109,109,4,4
110,110,6,10
111,111,11,11
112,112,19,20
113,113,4,13
114,114,11,13
115,115,7,13
116,116,5,8
117,117,17,17
118,118,18,17
119,119,19,20
120,120,10,13
121,121,11,11
122,122,17,13
123,123,7,8
124,124,2,2
125,125,8,8
126,126,12,21
127,127,9,13
128,128,4,4
129,129,14,20
130,130,21,6
131,131,6,1
132,132,17,9
133,133,2,2
134,134,20,1
135,135,3,7
136,136,9,21
137,137,19,14
138,138,1,4
139,139,17,3
140,140,11,3
141,141,14,7
142,142,11,9
143,143,5,14
144,144,4,3
145,145,11,11
146,146,6,2
147,147,6,19
148,148,21,3
149,149,3,3
150,150,17,15
151,151,11,10
152,152,7,11
153,153,3,12
154,154,13,10
155,155,14,17
156,156,17,19
157,157,4,6
158,158,21,3
159,159,16,1
160,160,3,3
161,161,20,19
162,162,9,20
163,163,1,18
164,164,19,17
165,165,17,20
166,166,3,6
167,167,1,13
168,168,8,20
169,169,22,11
170,170,7,17
171,171,4,6
172,172,11,15
173,173,1,3
174,174,5,5
175,175,7,17
176,176,13,21
177,177,14,17
178,178,1,6
179,179,14,15
180,180,18,18
181,181,22,6
182,182,10,11
183,183,5,14
184,184,5,5
185,185,7,18
186,186,14,21
187,187,14,14
188,188,4,11
189,189,12,12
190,190,15,13
191,191,18,18
192,192,22,9
193,193,3,1
194,194,13,4
195,195,16,16
196,196,2,9
197,197,17,3
198,198,9,17
199,199,22,1
200,200,6,1
201,201,19,16
202,202,9,14
203,203,8,17
204,204,9,13
205,205,21,1
206,206,3,13
207,207,18,7
208,208,10,10
209,209,1,6
210,210,18,18
211,211,11,12
212,212,6,11
213,213,4,13
214,214,16,1
215,215,9,20
216,216,20,7
217,217,2,2
218,218,17,22
219,219,1,7
220,220,1,22
221,221,20,9
222,222,3,12
223,223,10,4
224,224,11,4
225,225,3,1
226,226,8,7
227,227,22,15
228,228,10,13
229,229,15,21
230,230,17,3
231,231,6,12
232,232,12,14
233,233,12,6
234,234,6,9
235,235,20,20
236,236,1,22
237,237,22,3
238,238,19,4
239,239,3,11
240,240,7,17
241,241,8,8
242,242,6,16
243,243,13,4
244,244,6,22
245,245,6,13
246,246,7,17
247,247,14,14
248,248,20,21
249,249,6,3
250,250,2,2
251,251,9,8
252,252,6,2
253,253,17,5
254,254,21,7
255,255,8,7
256,256,3,3
257,257,14,14
258,258,17,5
259,259,21,14
260,260,7,18
261,261,19,6
262,262,17,4
263,263,3,4
264,264,13,13
265,265,13,11
266,266,3,14
267,267,18,16
268,268,5,8
269,269,17,8
270,270,9,2
271,271,3,6
272,272,3,7
273,273,19,22
274,274,14,18
275,275,20,20
276,276,2,9
277,277,9,2
278,278,10,11
279,279,6,20
280,280,3,10
281,281,5,17
282,282,18,7
283,283,13,22
284,284,3,6
285,285,8,8
286,286,10,4
287,287,3,4
288,288,4,6
289,289,6,17
290,290,14,15
291,291,7,14
292,292,14,8
293,293,8,8
294,294,21,21
295,295,14,7
296,296,20,18
297,297,5,8
298,298,3,1
299,299,17,18
300,300,14,5
301,301,10,7
302,302,5,14
303,303,17,18
304,304,3,19
305,305,14,7
306,306,5,14
307,307,17,15
308,308,1,4
309,309,3,16
310,310,17,3
311,311,8,15
312,312,9,9
313,313,21,7
314,314,9,9
315,315,8,9
316,316,17,19
317,317,9,2
318,318,1,19
319,319,7,22
320,320,20,9
321,321,16,9
322,322,11,14
323,323,10,13
324,324,20,17
325,325,13,13
326,326,5,8
327,327,3,1
328,328,1,20
329,329,9,19
330,330,8,8
331,331,17,4
332,332,3,12
333,333,14,21
334,334,12,9
335,335,7,17
336,336,15,21
337,337,9,7
338,338,5,18
339,339,17,18
340,340,19,17
341,341,8,18
342,342,11,20
343,343,11,11
344,344,12,4
345,345,14,9
346,346,21,21
347,347,6,6
348,348,9,19
349,349,13,4
350,350,16,19
351,351,1,3
352,352,5,7
353,353,4,13
354,354,14,18
355,355,21,21
356,356,14,7
357,357,20,20
358,358,4,6
359,359,22,22
360,360,14,6
361,361,1,4
362,362,7,18
363,363,7,8
364,364,3,16
365,365,15,15
366,366,13,6
367,367,14,14
368,368,9,13
369,369,10,12
370,370,17,3
371,371,6,21
372,372,4,3
373,373,8,20
374,374,1,13
375,375,22,18
376,376,8,18
377,377,13,11
378,378,4,11
379,379,4,11
380,380,13,4
381,381,6,11
382,382,13,4
383,383,8,20
384,384,8,9
385,385,3,11
386,386,10,13
387,387,15,20
388,388,19,7
389,389,3,16
390,390,14,5
391,391,8,18
392,392,3,4
393,393,22,7
394,394,9,2
395,395,17,3
396,396,14,14
397,397,4,6
398,398,8,7
399,399,15,20
400,400,1,10
401,401,10,4
402,402,4,4
403,403,8,14
404,404,8,18
405,405,2,2
406,406,14,7
407,407,14,15
408,408,2,2
409,409,10,13
410,410,14,5
411,411,19,22
412,412,19,17
413,413,1,7
414,414,19,7
415,415,7,16
416,416,9,13
417,417,13,10
418,418,14,15
419,419,19,19
420,420,1,1
421,421,11,11
422,422,12,9
423,423,8,14
424,424,6,17
425,425,1,4
426,426,8,2
427,427,6,3
428,428,14,14
429,429,20,19
430,430,6,3
431,431,3,4
432,432,14,14
433,433,6,12
434,434,8,8
435,435,4,6
436,436,17,20
437,437,2,9
438,438,16,2
439,439,10,11
440,440,4,10
441,441,14,14
442,442,14,14
443,443,1,13
444,444,15,14
445,445,9,2
446,446,22,3
447,447,3,4
448,448,17,19
449,449,9,12
450,450,5,18
451,451,20,16
452,452,8,9
453,453,12,22
454,454,19,9
455,455,1,4
456,456,22,15
457,457,20,22
458,458,20,17
459,459,6,1
460,460,18,7
461,461,19,13
462,462,7,21
463,463,1,13
464,464,14,20
465,465,14,14
466,466,1,21
467,467,13,21
468,468,4,1
469,469,8,8
470,470,13,4
471,471,18,11
472,472,8,8
473,473,8,8
474,474,9,10
475,475,17,8
476,476,17,5
477,477,15,19
478,478,2,8
479,479,17,17
480,480,17,17
481,481,9,6
482,482,18,7
483,483,1,1
484,484,19,17
485,485,14,12
486,486,13,13
487,487,3,3
488,488,20,12
489,489,8,2
490,490,14,8
491,491,7,7
492,492,6,11
493,493,18,18
494,494,5,17
495,495,3,20
496,496,10,10
497,497,17,18
498,498,5,5
499,499,4,16
500,500,22,20
501,501,9,7
502,502,14,21
503,503,6,12
504,504,5,17
505,505,19,16
506,506,15,13
507,507,10,13
508,508,3,10
509,509,20,19
510,510,7,5
511,511,3,6
512,512,3,11
513,513,7,21
514,514,19,3
515,515,2,20
516,516,18,3
517,517,8,14
518,518,13,13
519,519,7,17
520,520,6,12
521,521,19,15
522,522,17,6
523,523,1,22
524,524,14,13
525,525,3,11
526,526,17,7
527,527,17,5
528,528,3,18
529,529,6,15
530,530,16,7
531,531,7,14
532,532,14,5
533,533,19,17
534,534,1,22
535,535,3,6
536,536,5,20
537,537,1,4
538,538,6,13
539,539,8,9
540,540,4,4
541,541,12,21
542,542,2,2
543,543,8,8
544,544,14,14
545,545,14,15
546,546,10,1
547,547,20,21
548,548,10,13
549,549,22,9
550,550,8,7
551,551,3,3
552,552,10,1
553,553,20,21
554,554,8,8
555,555,3,3
556,556,20,3
557,557,3,11
558,558,8,2
559,559,8,13
560,560,14,14
561,561,22,1
562,562,13,1
563,563,3,16
564,564,20,22
565,565,15,13
566,566,5,14
567,567,21,10
568,568,7,20
569,569,21,13
570,570,3,11
571,571,3,11
572,572,14,21
573,573,3,1
574,574,19,12
575,575,7,20
576,576,4,22
577,577,20,1
578,578,14,14
579,579,15,15
580,580,3,4
581,581,6,15
582,582,4,16
583,583,14,13
584,584,9,13
585,585,13,3
586,586,2,20
587,587,6,6
588,588,2,2
589,589,3,3
590,590,19,20
591,591,14,14
592,592,10,10
593,593,3,16
594,594,17,18
595,595,15,4
596,596,13,21
597,597,20,15
598,598,14,17
599,599,20,9
600,600,22,20
601,601,19,20
602,602,10,10
603,603,13,4
604,604,17,21
605,605,3,12
606,606,7,7
607,607,15,22
608,608,2,8
609,609,5,14
610,610,14,7
611,611,8,22
612,612,11,11
613,613,4,4
614,614,6,11
615,615,7,17
616,616,5,17
617,617,7,7
618,618,13,10
619,619,8,18
620,620,17,8
621,621,1,22
622,622,20,8
623,623,4,10
624,624,8,21
625,625,10,13
626,626,6,11
627,627,12,22
628,628,11,19
629,629,2,7
630,630,17,22
631,631,2,2
632,632,7,19
633,633,14,14
634,634,14,17
635,635,17,5
636,636,6,13
637,637,17,18
638,638,11,14
639,639,9,13
640,640,1,4
641,641,10,10
642,642,17,18
643,643,1,16
644,644,2,2
645,645,11,11
646,646,20,11
647,647,10,19
648,648,12,13
649,649,1,3
650,650,4,11
651,651,18,7
652,652,18,21
653,653,14,14
654,654,8,18
655,655,19,15
656,656,1,3
657,657,22,6
658,658,9,9
659,659,3,4
660,660,3,22
661,661,18,18
662,662,9,8
663,663,7,9
664,664,4,13
665,665,1,13
666,666,7,7
667,667,6,8
668,668,4,13
669,669,6,21
670,670,4,3
671,671,4,6
672,672,19,19
673,673,3,1
674,674,13,11
675,675,17,18
676,676,3,1
677,677,21,7
678,678,2,8
679,679,16,17
680,680,21,15
681,681,8,8
682,682,9,2
683,683,19,20
684,684,2,9
685,685,15,20
686,686,1,13
687,687,8,8
688,688,18,11
689,689,14,18
690,690,3,1
691,691,3,13
692,692,14,2
693,693,19,1
694,694,9,11
695,695,18,11
696,696,6,15
697,697,9,1
698,698,12,13
699,699,15,13
700,700,13,13
701,701,3,3
702,702,11,13
703,703,10,12
704,704,21,3
705,705,21,22
706,706,20,9
707,707,14,7
708,708,14,14
709,709,5,11
710,710,1,14
711,711,4,1
712,712,21,6
713,713,1,4
714,714,17,15
715,715,19,22
716,716,20,6
717,717,10,4
718,718,20,1
719,719,13,10
720,720,22,6
721,721,20,20
722,722,21,21
723,723,21,14
724,724,2,8
725,725,2,6
726,726,4,22
727,727,19,6
728,728,8,7
729,729,14,10
730,730,21,12
731,731,8,7
732,732,8,17
733,733,3,6
734,734,1,3
735,735,1,16
736,736,10,12
737,737,10,11
738,738,3,3
739,739,19,15
740,740,16,1
741,741,3,16
742,742,16,3
743,743,19,16
744,744,20,17
745,745,6,10
746,746,1,3
747,747,17,3
748,748,3,22
749,749,22,14
750,750,18,18
751,751,1,3
752,752,16,1
753,753,13,21
754,754,1,20
755,755,10,22
756,756,11,13
757,757,6,1
758,758,18,17
759,759,2,8
760,760,12,10
761,761,4,13
762,762,21,9
763,763,9,9
764,764,16,4
765,765,1,12
766,766,18,17
767,767,17,8
768,768,13,12
769,769,3,13
770,770,2,20
771,771,8,2
772,772,14,15
773,773,5,8
774,774,2,6
775,775,19,20
776,776,19,20
777,777,14,19
778,778,8,17
779,779,8,3
780,780,10,18
781,781,3,4
782,782,17,17
783,783,5,5
784,784,1,3
785,785,1,18
786,786,18,19
787,787,11,3
788,788,20,9
789,789,11,22
790,790,14,13
791,791,14,4
792,792,17,15
793,793,19,21
794,794,19,20
795,795,2,2
796,796,14,14
797,797,17,5
798,798,6,13
799,799,2,9
800,800,9,2
801,801,8,15
802,802,17,6
803,803,8,8
804,804,17,6
805,805,16,16
806,806,1,13
807,807,9,9
808,808,21,10
809,809,5,21
810,810,17,21
811,811,1,22
812,812,16,22
813,813,22,13
814,814,21,21
815,815,3,6
816,816,2,2
817,817,13,4
818,818,7,18
819,819,1,17
820,820,20,19
821,821,13,19
822,822,20,8
823,823,10,4
824,824,9,9
825,825,9,11
826,826,8,2
827,827,16,6
828,828,3,22
829,829,21,20
830,830,6,21
831,831,14,15
832,832,9,6
833,833,21,9
834,834,3,13
835,835,12,10
836,836,10,10
837,837,17,16
838,838,2,13
839,839,1,17
840,840,3,4
841,841,7,19
842,842,11,13
843,843,4,11
844,844,9,6
845,845,1,15
846,846,7,15
847,847,3,16
848,848,18,16
849,849,18,22
850,850,20,22
851,851,4,4
852,852,8,8
853,853,10,4
854,854,17,18
855,855,22,9
856,856,3,13
857,857,14,12
858,858,3,12
859,859,17,17
860,860,9,14
861,861,16,6
862,862,8,2
863,863,12,6
864,864,3,11
865,865,1,13
866,866,17,18
867,867,16,10
868,868,17,20
869,869,17,3
870,870,7,18
871,871,21,22
872,872,9,20
873,873,17,19
874,874,17,10
875,875,9,6
876,876,14,7
877,877,16,11
878,878,19,18
879,879,4,12
880,880,19,9
881,881,22,1
882,882,19,15
883,883,3,1
884,884,6,4
885,885,21,19
886,886,13,3
887,887,3,1
888,888,10,13
889,889,16,9
890,890,6,15
891,891,20,10
892,892,16,9
893,893,6,6
894,894,5,5
895,895,21,2
896,896,9,21
897,897,5,14
898,898,7,16
899,899,5,7
900,900,19,7
901,901,8,2
902,902,8,17
903,903,17,1
904,904,7,22
905,905,16,17
906,906,19,15
907,907,17,7
908,908,6,21
909,909,22,21
910,910,22,9
911,911,14,2
912,912,14,14
913,913,16,1
914,914,3,19
915,915,21,21
916,916,7,7
917,917,13,1
918,918,19,22
919,919,13,22
920,920,21,3
921,921,14,21
922,922,1,22
923,923,17,3
924,924,2,9
925,925,2,1
926,926,10,4
927,927,3,10
928,928,9,2
929,929,11,12
930,930,22,11
931,931,9,2
932,932,16,1
933,933,19,20
934,934,16,22
935,935,21,13
936,936,14,14
937,937,15,15
938,938,8,2
939,939,15,14
940,940,14,10
941,941,13,9
942,942,16,3
943,943,2,8
944,944,21,1
945,945,1,4
946,946,3,11
947,947,9,2
948,948,17,7
949,949,4,13
950,950,3,13
951,951,7,17
952,952,2,2
953,953,10,16
954,954,20,7
955,955,8,8
956,956,2,6
957,957,19,7
958,958,2,2
959,959,3,9
960,960,16,9
961,961,7,7
962,962,7,18
963,963,14,14
964,964,15,15
965,965,2,2
966,966,9,11
967,967,20,19
968,968,21,15
969,969,20,20
970,970,1,4
971,971,4,4
972,972,2,2
973,973,4,1
974,974,17,20
975,975,10,11
976,976,16,22
977,977,1,3
978,978,5,8
979,979,8,17
980,980,2,8
981,981,13,13
982,982,13,22
983,983,3,6
984,984,1,7
985,985,11,10
986,986,9,20
987,987,6,9
988,988,8,18
989,989,4,10
990,990,3,10
991,991,1,3
992,992,17,18
993,993,12,22
994,994,7,14
995,995,9,21
996,996,1,4
997,997,16,10
998,998,5,14
999,999,9,21
1000,1000,10,13
1001,1001,21,14
1002,1002,2,8
1003,1003,4,21
1004,1004,1,17
1005,1005,19,4
1006,1006,4,1
1007,1007,14,12
1008,1008,1,12
1009,1009,14,5
1010,1010,8,2
1011,1011,10,11
1012,1012,14,20
1013,1013,21,5
1014,1014,16,3
1015,1015,10,12
1016,1016,17,18
1017,1017,13,12
1018,1018,19,7
1019,1019,10,13
1020,1020,4,2
1021,1021,14,13
1022,1022,2,20
1023,1023,17,20
1024,1024,19,12
1025,1025,15,17
1026,1026,14,7
1027,1027,17,1
1028,1028,19,4
1029,1029,2,8
1030,1030,6,10
1031,1031,8,8
1032,1032,3,1
1033,1033,20,21
1034,1034,5,5
1035,1035,22,16
1036,1036,5,17
1037,1037,6,21
1038,1038,20,15
1039,1039,16,13
1040,1040,20,20
1041,1041,20,21
1042,1042,3,1
1043,1043,22,19
1044,1044,20,20
1045,1045,6,8
1046,1046,3,4
1047,1047,3,9
1048,1048,22,15
1049,1049,15,20
1050,1050,5,17
1051,1051,12,22
1052,1052,4,10
1053,1053,3,18
1054,1054,3,10
1055,1055,7,7
1056,1056,5,17
1057,1057,1,3
1058,1058,14,21
1059,1059,5,8
1060,1060,12,1
1061,1061,19,16
1062,1062,7,18
1063,1063,3,12
1064,1064,17,18
1065,1065,11,13
1066,1066,4,22
1067,1067,17,4
1068,1068,3,16
1069,1069,19,22
1070,1070,19,17
1071,1071,22,22
1072,1072,20,11
1073,1073,1,1
1074,1074,3,12
1075,1075,1,13
1076,1076,16,1
1077,1077,9,8
1078,1078,22,13
1079,1079,13,14
1080,1080,9,8
1081,1081,6,1
1082,1082,6,3
1083,1083,14,17
1084,1084,2,2
1085,1085,3,16
1086,1086,20,17
1087,1087,21,8
1088,1088,19,18
1089,1089,3,22
1090,1090,11,12
1091,1091,20,8
1092,1092,6,11
1093,1093,9,17
1094,1094,10,13
1095,1095,21,22
1096,1096,8,2
1097,1097,17,20
1098,1098,22,13
1099,1099,14,20
1100,1100,1,1
1101,1101,8,8
1102,1102,7,10
1103,1103,10,11
1104,1104,14,20
1105,1105,20,14
1106,1106,17,1
1107,1107,6,13
1108,1108,22,1
1109,1109,22,11
1110,1110,6,11
1111,1111,2,2
1112,1112,2,9
1113,1113,4,3
1114,1114,17,15
1115,1115,17,21
1116,1116,17,3
1117,1117,17,20
1118,1118,13,10
1119,1119,9,9
1120,1120,9,2
1121,1121,12,13
1122,1122,20,20
1123,1123,22,18
1124,1124,17,18
1125,1125,15,18
1126,1126,14,20
1127,1127,3,4
1128,1128,1,6
1129,1129,21,4
1130,1130,2,9
1131,1131,3,22
1132,1132,8,15
1133,1133,1,10
1134,1134,13,11
1135,1135,1,3
1136,1136,1,3
1137,1137,7,20
1138,1138,3,1
1139,1139,11,6
1140,1140,14,17
1141,1141,3,13
1142,1142,2,9
1143,1143,2,2
1144,1144,21,21
1145,1145,19,6
1146,1146,20,22
1147,1147,7,18
1148,1148,13,4
1149,1149,20,7
1150,1150,12,6
1151,1151,4,6
1152,1152,10,13
1153,1153,2,21
1154,1154,3,6
1155,1155,8,18
1156,1156,13,12
1157,1157,7,20
1158,1158,6,15
1159,1159,22,6
1160,1160,13,10
1161,1161,21,11
1162,1162,7,21
1163,1163,8,2
1164,1164,20,7
1165,1165,3,13
1166,1166,22,1
1167,1167,6,6
1168,1168,7,17
1169,1169,19,1
1170,1170,3,4
1171,1171,18,1
1172,1172,19,21
1173,1173,7,8
1174,1174,14,5
1175,1175,6,20
1176,1176,6,7
1177,1177,10,11
1178,1178,4,6
1179,1179,19,7
1180,1180,19,6
1181,1181,14,15
1182,1182,1,6
1183,1183,11,6
1184,1184,17,18
1185,1185,1,12
1186,1186,11,21
1187,1187,14,14
1188,1188,16,2
1189,1189,20,19
1190,1190,9,21
1191,1191,7,8
1192,1192,8,7
1193,1193,1,22
1194,1194,1,16
1195,1195,11,1
1196,1196,10,3
1197,1197,3,16
1198,1198,19,14
1199,1199,7,9
1200,1200,12,21
1201,1201,15,21
1202,1202,1,20
1203,1203,9,17
1204,1204,10,10
1205,1205,7,17
1206,1206,21,22
1207,1207,2,20
1208,1208,1,13
1209,1209,21,2
1210,1210,14,6
1211,1211,19,17
1212,1212,6,3
1213,1213,10,15
1214,1214,5,5
1215,1215,16,3
1216,1216,22,9
1217,1217,14,14
1218,1218,6,13
1219,1219,3,4
1220,1220,14,15
1221,1221,15,22
1222,1222,17,22
1223,1223,17,18
1224,1224,2,2
1225,1225,12,12
1226,1226,3,12
1227,1227,17,7
1228,1228,14,15
1229,1229,19,22
1230,1230,8,17
1231,1231,6,10
1232,1232,7,14
1233,1233,12,14
1234,1234,14,5
1235,1235,5,7
1236,1236,17,7
1237,1237,3,9
1238,1238,4,3
1239,1239,19,2
1240,1240,5,7
1241,1241,1,7
1242,1242,20,20
1243,1243,13,21
1244,1244,20,14
1245,1245,17,13
1246,1246,2,8
1247,1247,6,12
1248,1248,16,3
1249,1249,3,6
1250,1250,19,20
1251,1251,19,17
1252,1252,8,8
1253,1253,13,10
1254,1254,7,22
1255,1255,4,10
1256,1256,10,6
1257,1257,8,8
1258,1258,3,19
1259,1259,4,16
1260,1260,17,7
1261,1261,6,16
1262,1262,17,9
1263,1263,20,20
1264,1264,2,2
1265,1265,9,2
1266,1266,15,15
1267,1267,17,17
1268,1268,3,11
1269,1269,7,4
1270,1270,19,15
1271,1271,13,11
1272,1272,6,22
1273,1273,7,10
1274,1274,8,3
1275,1275,2,13
1276,1276,3,16
1277,1277,17,8
1278,1278,16,18
1279,1279,19,19
1280,1280,1,20
1281,1281,15,20
1282,1282,13,6
1283,1283,10,11
1284,1284,7,7
1285,1285,14,4
1286,1286,3,12
1287,1287,3,3
1288,1288,17,5
1289,1289,17,17
1290,1290,1,6
1291,1291,19,3
1292,1292,2,9
1293,1293,8,8
1294,1294,10,20
1295,1295,19,17
1296,1296,1,22
1297,1297,20,6
1298,1298,6,6
1299,1299,11,12
1300,1300,20,8
1301,1301,13,22
1302,1302,13,10
1303,1303,15,8
1304,1304,3,4
1305,1305,6,6
1306,1306,20,17
1307,1307,7,15
1308,1308,3,7
1309,1309,5,18
1310,1310,10,10
1311,1311,2,9
1312,1312,9,10
1313,1313,22,4
1314,1314,3,12
1315,1315,3,16
1316,1316,13,3
1317,1317,14,15
1318,1318,6,3
1319,1319,21,13
1320,1320,19,22
1321,1321,7,17
1322,1322,13,10
1323,1323,1,15
1324,1324,13,12
1325,1325,3,4
1326,1326,5,7
1327,1327,5,19
1328,1328,1,3
1329,1329,19,4
1330,1330,2,9
1331,1331,17,5
1332,1332,1,9
1333,1333,21,3
1334,1334,10,4
1335,1335,20,8
1336,1336,1,7
1337,1337,17,22
1338,1338,8,17
1339,1339,22,20
1340,1340,13,4
1341,1341,22,21
1342,1342,2,21
1343,1343,19,18
1344,1344,16,6
1345,1345,17,21
1346,1346,10,13
1347,1347,14,6
1348,1348,14,5
1349,1349,19,19
1350,1350,1,16
1351,1351,21,21
1352,1352,3,10
1353,1353,20,19
1354,1354,16,22
1355,1355,17,11
1356,1356,17,7
1357,1357,13,9
1358,1358,20,7
1359,1359,17,18
1360,1360,11,13
1361,1361,8,20
1362,1362,3,11
1363,1363,17,18
1364,1364,12,3
1365,1365,6,22
1366,1366,22,16
1367,1367,22,4
1368,1368,14,21
1369,1369,19,9
1370,1370,8,9
1371,1371,17,18
1372,1372,17,22
1373,1373,14,5
1374,1374,20,22
1375,1375,4,4
1376,1376,10,10
1377,1377,17,7
1378,1378,3,15
1379,1379,4,3
1380,1380,22,7
1381,1381,13,22
1382,1382,9,20
1383,1383,5,8
1384,1384,22,11
1385,1385,19,11
1386,1386,6,6
1387,1387,8,15
1388,1388,1,11
1389,1389,22,13
1390,1390,19,19
1391,1391,21,4
1392,1392,8,8
1393,1393,18,18
1394,1394,19,9
1395,1395,17,20
1396,1396,17,7
1397,1397,19,8
1398,1398,20,8
1399,1399,19,14
1400,1400,18,17
1401,1401,21,21
1402,1402,4,19
1403,1403,9,2
1404,1404,8,17
1405,1405,20,9
1406,1406,6,12
1407,1407,13,3
1408,1408,10,11
1409,1409,8,17
1410,1410,16,3
1411,1411,8,17
1412,1412,3,6
1413,1413,8,14
1414,1414,13,21
1415,1415,18,18
1416,1416,2,20
1417,1417,11,14
1418,1418,6,22
1419,1419,18,10
1420,1420,21,21
1421,1421,17,18
1422,1422,8,5
1423,1423,1,7
1424,1424,10,4
1425,1425,17,9
1426,1426,8,17
1427,1427,17,3
1428,1428,12,13
1429,1429,2,2
1430,1430,4,10
1431,1431,16,6
1432,1432,18,21
1433,1433,3,1
1434,1434,22,1
1435,1435,22,19
1436,1436,20,19
1437,1437,19,22
1438,1438,7,8
1439,1439,17,15
1440,1440,16,6
1441,1441,5,20
1442,1442,17,22
1443,1443,13,13
1444,1444,9,9
1445,1445,20,15
1446,1446,7,18
1447,1447,19,18
1448,1448,9,9
1449,1449,3,6
1450,1450,12,14
1451,1451,3,22
1452,1452,17,5
1453,1453,18,2
1454,1454,21,1
1455,1455,21,19
1456,1456,5,21
1457,1457,1,3
1458,1458,19,18
1459,1459,11,6
1460,1460,3,1
1461,1461,21,20
1462,1462,20,2
1463,1463,19,1
1464,1464,20,20
1465,1465,14,14
1466,1466,11,4
1467,1467,3,16
1468,1468,2,2
1469,1469,1,14
1470,1470,3,16
1471,1471,16,17
1472,1472,11,11
1473,1473,21,18
1474,1474,11,11
1475,1475,11,11
1476,1476,5,14
1477,1477,11,10
1478,1478,6,3
1479,1479,21,11
1480,1480,1,13
1481,1481,18,7
1482,1482,20,21
1483,1483,4,3
1484,1484,19,7
1485,1485,22,12
1486,1486,13,4
1487,1487,14,8
1488,1488,6,22
1489,1489,7,9
1490,1490,3,13
1491,1491,3,10
1492,1492,9,2
1493,1493,3,16
1494,1494,6,1
1495,1495,4,3
1496,1496,9,1
1497,1497,14,17
1498,1498,17,16
1499,1499,5,5
1500,1500,19,15
1501,1501,8,8
1502,1502,8,17
1503,1503,9,16
1504,1504,3,12
1505,1505,19,15
1506,1506,3,13
1507,1507,1,15
1508,1508,13,19
1509,1509,18,17
1510,1510,20,7
1511,1511,3,11
1512,1512,3,22
1513,1513,3,6
1514,1514,19,19
1515,1515,1,6
1516,1516,14,7
1517,1517,6,17
1518,1518,15,3
1519,1519,7,20
1520,1520,14,17
1521,1521,3,4
1522,1522,3,12
1523,1523,10,20
1524,1524,6,2
1525,1525,17,20
1526,1526,3,16
1527,1527,10,13
1528,1528,10,11
1529,1529,17,7
1530,1530,16,16
1531,1531,8,21
1532,1532,2,9
1533,1533,5,17
1534,1534,8,18
1535,1535,4,4
1536,1536,13,11
1537,1537,14,8
1538,1538,8,7
1539,1539,8,8
1540,1540,13,13
1541,1541,11,17
1542,1542,8,20
1543,1543,11,11
1544,1544,20,20
1545,1545,5,10
1546,1546,4,22
1547,1547,10,18
1548,1548,3,11
1549,1549,17,7
1550,1550,15,18
1551,1551,17,22
1552,1552,14,15
1553,1553,19,8
1554,1554,7,21
1555,1555,14,14
1556,1556,17,14
1557,1557,14,14
1558,1558,7,20
1559,1559,14,8
1560,1560,13,22
1561,1561,11,11
1562,1562,3,17
1563,1563,13,13
1564,1564,17,22
1565,1565,10,18
1566,1566,3,16
1567,1567,7,18
1568,1568,17,7
1569,1569,19,6
1570,1570,8,9
1571,1571,9,2
1572,1572,19,13
1573,1573,14,14
1574,1574,19,6
1575,1575,20,7
1576,1576,8,14
1577,1577,13,4
1578,1578,8,2
1579,1579,17,19
1580,1580,19,18
1581,1581,21,21
1582,1582,18,7
1583,1583,6,22
1584,1584,1,13
1585,1585,22,20
1586,1586,1,16
1587,1587,22,12
1588,1588,3,6
1589,1589,13,11
1590,1590,20,1
1591,1591,1,20
1592,1592,6,12
1593,1593,20,6
1594,1594,4,11
1595,1595,5,22
1596,1596,5,8
1597,1597,14,14
1598,1598,20,18
1599,1599,3,22
1600,1600,20,15
1601,1601,14,2
1602,1602,4,11
1603,1603,3,11
1604,1604,7,17
1605,1605,16,3
1606,1606,14,14
1607,1607,1,3
1608,1608,6,22
1609,1609,14,21
1610,1610,8,2
1611,1611,5,17
1612,1612,2,7
1613,1613,13,10
1614,1614,9,11
1615,1615,14,15
1616,1616,6,3
1617,1617,8,5
1618,1618,1,1
1619,1619,21,4
1620,1620,1,22
1621,1621,19,11
1622,1622,13,9
1623,1623,6,9
1624,1624,1,11
1625,1625,10,13
1626,1626,8,8
1627,1627,8,17
1628,1628,4,12
1629,1629,5,18
1630,1630,9,9
1631,1631,15,15
1632,1632,14,14
1633,1633,3,16
1634,1634,20,21
1635,1635,1,22
1636,1636,2,9
1637,1637,5,21
1638,1638,17,7
1639,1639,17,18
1640,1640,12,11
1641,1641,21,14
1642,1642,7,1
1643,1643,3,19
1644,1644,16,20
1645,1645,19,14
1646,1646,1,7
1647,1647,2,6
1648,1648,7,18
1649,1649,2,2
1650,1650,16,10
1651,1651,2,6
1652,1652,14,5
1653,1653,10,1
1654,1654,20,21
1655,1655,9,19
1656,1656,6,19
1657,1657,15,18
1658,1658,17,17
1659,1659,18,18
1660,1660,22,11
1661,1661,6,22
1662,1662,6,12
1663,1663,4,11
1664,1664,8,18
1665,1665,22,1
1666,1666,14,14
1667,1667,15,10
1668,1668,18,7
1669,1669,10,13
1670,1670,9,20
1671,1671,18,7
1672,1672,14,8
1673,1673,3,4
1674,1674,6,7
1675,1675,16,10
1676,1676,14,14
1677,1677,1,6
1678,1678,14,20
1679,1679,16,3
1680,1680,12,22
1681,1681,8,8
1682,1682,1,16
1683,1683,20,17
1684,1684,16,10
1685,1685,20,19
1686,1686,21,21
1687,1687,13,22
1688,1688,6,1
1689,1689,18,18
1690,1690,19,16
1691,1691,20,20
1692,1692,14,21
1693,1693,1,18
1694,1694,3,3
1695,1695,18,4
1696,1696,7,3
1697,1697,7,7
1698,1698,1,12
1699,1699,6,15
1700,1700,4,16
1701,1701,14,15
1702,1702,17,14
1703,1703,2,8
1704,1704,3,9
1705,1705,21,15
1706,1706,20,21
1707,1707,17,5
1708,1708,14,15
1709,1709,20,15
1710,1710,9,2
1711,1711,19,8
1712,1712,22,6
1713,1713,14,15
1714,1714,14,14
1715,1715,9,2
1716,1716,19,19
1717,1717,2,14
1718,1718,4,6
1719,1719,1,6
1720,1720,22,7
1721,1721,8,17
1722,1722,15,18
1723,1723,7,5
1724,1724,19,17
1725,1725,6,6
1726,1726,5,18
1727,1727,9,21
1728,1728,3,1
1729,1729,14,3
1730,1730,4,22
1731,1731,17,3
1732,1732,20,7
1733,1733,1,10
1734,1734,4,12
1735,1735,11,21
1736,1736,10,3
1737,1737,17,7
1738,1738,4,12
1739,1739,4,9
1740,1740,8,8
1741,1741,14,21
1742,1742,1,4
1743,1743,9,9
1744,1744,6,14
1745,1745,19,15
1746,1746,5,5
1747,1747,21,21
1748,1748,10,16
1749,1749,10,22
1750,1750,19,16
1751,1751,22,16
1752,1752,11,14
1753,1753,17,22
1754,1754,10,4
1755,1755,3,13
1756,1756,21,8
1757,1757,15,5
1758,1758,14,21
1759,1759,3,1
1760,1760,19,18
1761,1761,7,18
1762,1762,14,7
1763,1763,13,4
1764,1764,11,21
1765,1765,8,6
1766,1766,14,21
1767,1767,10,10
1768,1768,1,3
1769,1769,10,1
1770,1770,19,18
1771,1771,7,8
1772,1772,1,21
1773,1773,6,11
1774,1774,4,2
1775,1775,2,9
1776,1776,3,4
1777,1777,12,21
1778,1778,17,5
1779,1779,13,4
1780,1780,1,22
1781,1781,13,13
1782,1782,16,3
1783,1783,9,8
1784,1784,22,11
1785,1785,6,4
1786,1786,17,15
1787,1787,14,15
1788,1788,9,17
1789,1789,14,8
1790,1790,19,13
1791,1791,4,13
1792,1792,4,11
1793,1793,3,16
1794,1794,21,17
1795,1795,14,9
1796,1796,14,7
1797,1797,3,1
1798,1798,19,15
1799,1799,6,3
1800,1800,12,20
1801,1801,13,13
1802,1802,21,12
1803,1803,21,7
1804,1804,11,19
1805,1805,15,7
1806,1806,21,8
1807,1807,15,15
1808,1808,14,14
1809,1809,19,20
1810,1810,16,1
1811,1811,6,19
1812,1812,12,1
1813,1813,19,18
1814,1814,17,15
1815,1815,13,1
1816,1816,14,14
1817,1817,2,8
1818,1818,19,20
1819,1819,12,9
1820,1820,14,21
1821,1821,14,10
1822,1822,13,20
1823,1823,17,3
1824,1824,10,12
1825,1825,1,20
1826,1826,3,4
1827,1827,1,22
1828,1828,21,14
1829,1829,3,1
1830,1830,20,20
1831,1831,20,15
1832,1832,14,19
1833,1833,8,18
1834,1834,20,9
1835,1835,18,18
1836,1836,6,13
1837,1837,11,7
1838,1838,14,6
1839,1839,12,3
1840,1840,22,1
1841,1841,3,16
1842,1842,3,10
1843,1843,10,16
1844,1844,2,2
1845,1845,13,13
1846,1846,6,16
1847,1847,9,9
1848,1848,14,21
1849,1849,18,18
1850,1850,4,13
1851,1851,6,13
1852,1852,10,11
1853,1853,3,20
1854,1854,17,7
1855,1855,20,5
1856,1856,4,10
1857,1857,6,19
1858,1858,8,8
1859,1859,16,22
1860,1860,6,12
1861,1861,10,3
1862,1862,8,20
1863,1863,9,12
1864,1864,20,21
1865,1865,8,18
1866,1866,13,16
1867,1867,8,9
1868,1868,2,2
1869,1869,5,5
1870,1870,17,3
1871,1871,3,7
1872,1872,20,6
1873,1873,1,1
1874,1874,8,2
1875,1875,3,12
1876,1876,15,22
1877,1877,19,4
1878,1878,7,8
1879,1879,1,3
1880,1880,14,8
1881,1881,10,11
1882,1882,20,11
1883,1883,20,21
1884,1884,3,13
1885,1885,14,17
1886,1886,16,8
1887,1887,9,9
1888,1888,19,17
1889,1889,12,4
1890,1890,6,11
1891,1891,4,12
1892,1892,7,20
1893,1893,13,3
1894,1894,14,14
1895,1895,10,3
1896,1896,4,10
1897,1897,13,11
1898,1898,7,19
1899,1899,19,14
1900,1900,4,4
1901,1901,19,6
1902,1902,9,18
1903,1903,22,9
1904,1904,22,20
1905,1905,6,1
1906,1906,14,14
1907,1907,3,4
1908,1908,8,14
1909,1909,3,6
1910,1910,9,17
1911,1911,3,4
1912,1912,15,18
1913,1913,1,4
1914,1914,10,6
1915,1915,9,11
1916,1916,13,11
1917,1917,13,4
1918,1918,14,15
1919,1919,14,8
1920,1920,6,17
1921,1921,9,1
1922,1922,16,3
1923,1923,9,9
1924,1924,11,11
1925,1925,17,21
1926,1926,1,18
1927,1927,12,12
1928,1928,2,9
1929,1929,17,11
1930,1930,13,1
1931,1931,17,17
1932,1932,5,5
1933,1933,8,20
1934,1934,3,3
1935,1935,14,5
1936,1936,12,21
1937,1937,1,22
1938,1938,17,6
1939,1939,14,4
1940,1940,2,2
1941,1941,19,15
1942,1942,12,3
1943,1943,21,19
1944,1944,16,16
1945,1945,10,22
1946,1946,10,11
1947,1947,6,16
1948,1948,13,11
1949,1949,4,22
1950,1950,12,21
1951,1951,21,7
1952,1952,20,15
1953,1953,6,16
1954,1954,22,1
1955,1955,18,13
1956,1956,8,20
1957,1957,6,12
1958,1958,20,1
1959,1959,6,11
1960,1960,14,21
1961,1961,15,14
1962,1962,3,1
1963,1963,4,6
1964,1964,9,17
1965,1965,15,3
1966,1966,1,13
1967,1967,1,19
1968,1968,3,6
1969,1969,11,10
1970,1970,20,20
1971,1971,10,14
1972,1972,11,6
1973,1973,17,15
1974,1974,3,12
1975,1975,7,18
1976,1976,3,3
1977,1977,10,1
1978,1978,8,2
1979,1979,8,20
1980,1980,19,3
1981,1981,9,18
1982,1982,21,14
1983,1983,16,16
1984,1984,13,11
1985,1985,14,18
1986,1986,18,15
1987,1987,13,13
1988,1988,21,15
1989,1989,17,3
1990,1990,2,2
1991,1991,2,9
1992,1992,14,5
1993,1993,19,3
1994,1994,10,12
1995,1995,7,7
1996,1996,1,6
1997,1997,5,14
1998,1998,21,20
1999,1999,21,14
2000,2000,21,21
2001,2001,17,8
2002,2002,9,9
2003,2003,8,18
2004,2004,5,5
2005,2005,14,13
2006,2006,20,20
2007,2007,4,13
2008,2008,14,7
2009,2009,19,15
2010,2010,3,1
2011,2011,6,16
2012,2012,8,2
2013,2013,3,10
2014,2014,6,16
2015,2015,17,22
2016,2016,3,16
2017,2017,14,3
2018,2018,17,5
2019,2019,10,11
2020,2020,13,12
2021,2021,20,16
2022,2022,19,9
2023,2023,19,6
2024,2024,22,19
2025,2025,12,6
2026,2026,20,19
2027,2027,13,21
2028,2028,13,13
2029,2029,13,22
2030,2030,9,21
2031,2031,17,5
2032,2032,8,8
2033,2033,13,22
2034,2034,10,4
2035,2035,8,8
2036,2036,18,17
2037,2037,17,15
2038,2038,17,17
2039,2039,4,3
2040,2040,22,1
2041,2041,19,15
2042,2042,8,6
2043,2043,19,17
2044,2044,3,1
2045,2045,3,13
2046,2046,7,21
2047,2047,10,8
2048,2048,17,8
2049,2049,7,18
2050,2050,20,21
2051,2051,8,15
2052,2052,14,15
2053,2053,1,10
2054,2054,19,17
2055,2055,9,17
2056,2056,6,20
2057,2057,19,20
2058,2058,3,3
2059,2059,20,19
2060,2060,7,7
2061,2061,1,13
2062,2062,17,7
2063,2063,3,13
2064,2064,15,18
2065,2065,6,3
2066,2066,10,13
2067,2067,8,7
2068,2068,7,21
2069,2069,22,13
2070,2070,21,7
2071,2071,2,9
2072,2072,3,1
2073,2073,9,9
2074,2074,14,21
2075,2075,7,15
2076,2076,2,20
2077,2077,22,13
2078,2078,21,10
2079,2079,21,4
2080,2080,21,13
2081,2081,20,8
2082,2082,5,20
2083,2083,9,2
2084,2084,4,10
2085,2085,21,4
2086,2086,21,14
2087,2087,13,10
2088,2088,1,7
2089,2089,22,20
2090,2090,13,13
2091,2091,12,4
2092,2092,3,20
2093,2093,17,8
2094,2094,5,20
2095,2095,17,18
2096,2096,3,16
2097,2097,8,20
2098,2098,3,10
2099,2099,14,7
2100,2100,7,17
2101,2101,18,1
2102,2102,10,22
2103,2103,10,3
2104,2104,13,1
2105,2105,18,3
2106,2106,12,12
2107,2107,8,8
2108,2108,18,18
2109,2109,14,17
2110,2110,21,1
2111,2111,21,22
2112,2112,14,20
2113,2113,5,5
2114,2114,19,17
2115,2115,21,13
2116,2116,1,3
2117,2117,20,17
2118,2118,16,21
2119,2119,2,17
2120,2120,17,2
2121,2121,20,2
2122,2122,4,12
2123,2123,6,6
2124,2124,21,15
2125,2125,8,17
2126,2126,14,15
2127,2127,1,22
2128,2128,11,22
2129,2129,1,7
2130,2130,16,3
2131,2131,22,3
2132,2132,11,10
2133,2133,1,16
2134,2134,7,6
2135,2135,4,11
2136,2136,20,7
2137,2137,5,5
2138,2138,16,6
2139,2139,18,22
2140,2140,6,12
2141,2141,19,14
2142,2142,15,9
2143,2143,22,15
2144,2144,1,1
2145,2145,9,20
2146,2146,3,11
2147,2147,18,4
2148,2148,2,9
2149,2149,2,5
2150,2150,8,8
2151,2151,6,22
2152,2152,17,7
2153,2153,3,6
2154,2154,1,6
2155,2155,8,18
2156,2156,6,3
2157,2157,19,16
2158,2158,3,6
2159,2159,21,19
2160,2160,7,7
2161,2161,10,13
2162,2162,13,1
2163,2163,8,8
2164,2164,7,18
2165,2165,8,17
2166,2166,17,19
2167,2167,9,1
2168,2168,5,8
2169,2169,5,21
2170,2170,2,9
2171,2171,10,1
2172,2172,2,3
2173,2173,19,14
2174,2174,3,16
2175,2175,10,11
2176,2176,13,13
2177,2177,14,20
2178,2178,3,6
2179,2179,20,9
2180,2180,10,13
2181,2181,19,15
2182,2182,17,5
2183,2183,2,2
2184,2184,20,1
2185,2185,8,5
2186,2186,3,13
2187,2187,21,4
2188,2188,10,20
2189,2189,14,21
2190,2190,3,4
2191,2191,10,3
2192,2192,11,4
2193,2193,13,12
2194,2194,4,11
2195,2195,17,17
2196,2196,17,21
2197,2197,3,1
2198,2198,8,2
2199,2199,2,9
2200,2200,22,6
2201,2201,8,17
2202,2202,9,8
2203,2203,17,5
2204,2204,8,8
2205,2205,1,9
2206,2206,9,22
2207,2207,7,3
2208,2208,17,16
2209,2209,9,8
2210,2210,8,5
2211,2211,2,9
2212,2212,10,11
2213,2213,22,16
2214,2214,2,2
2215,2215,4,11
2216,2216,12,12
2217,2217,21,15
2218,2218,17,11
2219,2219,22,7
2220,2220,8,7
2221,2221,15,19
2222,2222,7,15
2223,2223,3,13
2224,2224,17,7
2225,2225,8,8
2226,2226,10,4
2227,2227,21,7
2228,2228,13,13
2229,2229,6,9
2230,2230,16,9
2231,2231,18,19
2232,2232,14,15
2233,2233,10,7
2234,2234,4,1
2235,2235,2,2
2236,2236,8,22
2237,2237,7,18
2238,2238,7,22
2239,2239,14,14
2240,2240,2,2
2241,2241,3,1
2242,2242,21,11
2243,2243,6,11
2244,2244,14,7
2245,2245,13,6
2246,2246,1,3
2247,2247,22,22
2248,2248,6,7
2249,2249,2,8
2250,2250,20,9
2251,2251,4,6
2252,2252,8,8
2253,2253,3,6
2254,2254,13,11
2255,2255,14,3
2256,2256,19,17
2257,2257,12,12
2258,2258,19,7
2259,2259,5,5
2260,2260,10,22
2261,2261,4,1
2262,2262,20,1
2263,2263,18,19
2264,2264,8,17
2265,2265,3,4
2266,2266,1,13
2267,2267,15,22
2268,2268,2,9
2269,2269,5,8
2270,2270,7,18
2271,2271,1,6
2272,2272,4,11
2273,2273,14,21
2274,2274,18,17
2275,2275,9,8
2276,2276,5,17
2277,2277,3,22
2278,2278,21,22
2279,2279,18,8
2280,2280,9,20
2281,2281,15,5
2282,2282,6,1
2283,2283,14,14
2284,2284,10,13
2285,2285,7,17
2286,2286,17,17
2287,2287,3,12
2288,2288,4,10
2289,2289,22,22
2290,2290,20,13
2291,2291,20,14
2292,2292,15,5
2293,2293,10,4
2294,2294,6,4
2295,2295,20,15
2296,2296,13,18
2297,2297,5,18
2298,2298,10,14
2299,2299,14,7
2300,2300,20,20
2301,2301,1,16
2302,2302,3,9
2303,2303,12,11
2304,2304,18,18
2305,2305,7,12
2306,2306,20,15
2307,2307,6,10
2308,2308,6,3
2309,2309,8,8
2310,2310,20,7
2311,2311,17,1
2312,2312,9,2
2313,2313,19,16
2314,2314,15,13
2315,2315,14,5
2316,2316,2,14
2317,2317,21,12
2318,2318,8,2
2319,2319,1,10
2320,2320,10,22
2321,2321,3,10
2322,2322,1,13
2323,2323,7,22
2324,2324,3,11
2325,2325,10,4
2326,2326,18,7
2327,2327,10,12
2328,2328,12,13
2329,2329,8,8
2330,2330,18,8
2331,2331,3,4
2332,2332,4,6
2333,2333,1,11
2334,2334,7,1
2335,2335,8,8
2336,2336,3,6
2337,2337,19,19
2338,2338,7,15
2339,2339,13,4
2340,2340,9,9
2341,2341,14,1
2342,2342,9,17
2343,2343,1,22
2344,2344,16,21
2345,2345,17,18
2346,2346,18,7
2347,2347,22,21
2348,2348,14,7
2349,2349,5,7
2350,2350,2,8
2351,2351,10,13
2352,2352,12,12
2353,2353,8,6
2354,2354,3,11
2355,2355,15,5
2356,2356,3,1
2357,2357,14,18
2358,2358,6,15
2359,2359,14,13
2360,2360,8,17
2361,2361,1,7
2362,2362,1,22
2363,2363,13,13
2364,2364,6,7
2365,2365,17,18
2366,2366,14,6
2367,2367,3,4
2368,2368,19,3
2369,2369,6,16
2370,2370,10,11
2371,2371,14,14
2372,2372,13,6
2373,2373,13,10
2374,2374,10,3
2375,2375,7,19
2376,2376,2,10
2377,2377,7,4
2378,2378,12,11
2379,2379,5,5
2380,2380,1,13
2381,2381,2,9
2382,2382,18,7
2383,2383,10,11
2384,2384,11,6
2385,2385,3,4
2386,2386,10,4
2387,2387,12,10
2388,2388,20,20
2389,2389,12,21
2390,2390,18,11
2391,2391,4,12
2392,2392,15,15
2393,2393,14,7
2394,2394,17,7
2395,2395,8,9
2396,2396,20,19
2397,2397,10,20
2398,2398,16,11
2399,2399,21,14
2400,2400,9,9
2401,2401,19,22
2402,2402,13,21
2403,2403,9,3
2404,2404,19,20
2405,2405,7,7
2406,2406,17,20
2407,2407,17,17
2408,2408,17,22
2409,2409,3,16
2410,2410,20,7
2411,2411,14,14
2412,2412,19,18
2413,2413,13,12
2414,2414,21,10
2415,2415,20,21
2416,2416,4,13
2417,2417,4,22
2418,2418,14,19
2419,2419,3,1
2420,2420,1,18
2421,2421,6,11
2422,2422,14,14
2423,2423,1,21
2424,2424,14,9
2425,2425,8,2
2426,2426,3,12
2427,2427,1,20
2428,2428,12,12
2429,2429,15,19
2430,2430,2,21
2431,2431,10,13
2432,2432,10,14
2433,2433,3,4
2434,2434,3,1
2435,2435,8,8
2436,2436,21,19
2437,2437,10,19
2438,2438,17,15
2439,2439,6,3
2440,2440,6,9
2441,2441,18,3
2442,2442,14,5
2443,2443,6,12
2444,2444,10,4
2445,2445,1,13
2446,2446,9,13
2447,2447,14,14
2448,2448,19,16
2449,2449,12,6
2450,2450,7,8
2451,2451,16,3
2452,2452,19,7
2453,2453,11,1
2454,2454,22,1
2455,2455,6,19
2456,2456,17,21
2457,2457,13,10
2458,2458,6,3
2459,2459,2,2
2460,2460,17,8
2461,2461,3,16
2462,2462,3,21
2463,2463,14,21
2464,2464,16,7
2465,2465,6,22
2466,2466,3,1
2467,2467,12,4
2468,2468,3,12
2469,2469,16,10
2470,2470,14,8
2471,2471,3,11
2472,2472,18,7
2473,2473,1,10
2474,2474,12,4
2475,2475,21,15
2476,2476,17,1
2477,2477,17,5
2478,2478,18,17
2479,2479,20,6
2480,2480,14,10
2481,2481,6,10
2482,2482,18,22
2483,2483,11,13
2484,2484,7,18
2485,2485,9,15
2486,2486,17,15
2487,2487,20,15
2488,2488,6,3
2489,2489,6,19
2490,2490,9,3
2491,2491,21,8
2492,2492,14,15
2493,2493,12,22
2494,2494,1,18
2495,2495,12,1
2496,2496,3,1
2497,2497,14,21
2498,2498,16,10
2499,2499,19,22
2500,2500,22,10
